driverId,name,ssn,location,certified,wage-plan
10,Kathleen Montgomery,506-66-0747,"6424 Baker Shoal
Ritahaven, WI 04130",N,hours
11,Tyler Strickland,722-46-1154,"4568 Christopher Run
Royfurt, PW 44885",Y,miles
12,Matthew Brock,852-80-5898,"5325 Laura Divide Suite 967
Sarahtown, FL 94707",Y,miles
13,Krystal Sullivan,478-92-4149,"46458 Roach Keys
East Davidton, MS 08111",Y,hours
14,William Beck,314-72-4098,"1798 Lisa Highway Suite 753
New Ryanside, CT 02485",Y,hours
15,Eric Dean,073-17-9713,"135 Allen Crescent Apt. 117
Kellyshire, NH 71363",N,miles
16,Justin Berger,550-58-6160,"860 Tina Trail Suite 371
Pamelabury, HI 19954",Y,hours
17,Amanda Martinez,884-74-1505,"4728 Reed Mountain Apt. 212
Lake Nancy, NH 70440",Y,miles
18,Jeremy Meza,093-93-7496,"1584 Valerie Springs
North Zachary, GA 34339",N,hours
19,Kim Walter,881-54-0307,"3573 Greene Vista Suite 238
Hinesstad, MN 75613",N,hours
20,April Jones,571-73-8029,"8550 Scott Dale Apt. 183
East Michaelberg, AL 54636",N,miles
21,Angela Richardson,449-42-9526,"9214 Sparks Spurs
Snyderfurt, MS 60768",N,miles
22,John Jones,828-89-7001,"2337 Parker Avenue Apt. 152
Mejiastad, GU 44352",Y,hours
23,Ruben Spence,390-59-9043,"PSC 8777, Box 1925
APO AE 52049",N,hours
24,Charles Hancock,709-95-8246,"81087 Edwards Vista
South Albertshire, IA 13555",Y,hours
25,Paul Ross,405-14-9647,"5551 Jeffery Field
North Kristenville, MH 87153",Y,miles
26,Katherine Williams DVM,557-70-3977,"8088 Nicholas Mountain Apt. 120
Gonzalezview, PA 30850",Y,miles
27,Robert Compton,458-98-3528,"0964 Joshua Trafficway
Youngburgh, MP 04115",N,hours
28,Samantha Wilson,738-70-8465,"0777 Travis Dale Suite 412
South Peter, RI 16504",N,miles
29,Robert Medina,809-99-9061,"7072 Mcneil Burgs
New Hunterton, IA 72411",Y,hours
30,Kenneth Banks,172-65-1270,"96076 Burke Center
Kaylafort, MD 29120",N,miles
31,Richard Frost,147-59-8139,"60488 Alexander Camp Suite 686
Branchmouth, IA 17028",N,miles
32,Ryan Livingston,750-08-4068,"57313 Hernandez Keys
Port Bianca, MN 92311",Y,miles
33,Maria Vazquez,024-52-4695,"49691 Jennifer Place Suite 367
Kathrynfurt, OK 75443",N,hours
34,Joseph Owens,713-86-3112,"78358 Michael Brook
West Jacquelineshire, GU 72502",Y,hours
35,Michele Zimmerman,474-18-5219,"0294 Kent Brook
Ashleyfurt, WI 29192",N,miles
36,Bryan Young,124-84-6440,"44658 Smith Overpass
Kellyshire, AS 37914",N,miles
37,Sara Thomas,423-28-1277,"8371 Rodriguez Springs Suite 029
Lake David, AZ 37866",Y,miles
38,Michelle Rivera,050-19-1876,"4250 Phyllis Forge
West Joshua, ID 24280",Y,miles
39,Anthony Hill,256-84-9236,"PSC 6260, Box 3923
APO AA 89062",Y,miles
40,Jeremy Hamilton,333-65-6426,"55946 Christopher Harbor
Port Alexander, MI 31877",Y,hours
41,Jessica Clark,588-96-7755,"16052 Kathleen Viaduct
Lake Jonathanstad, TN 48569",Y,miles
42,Dr. Denise Maxwell,116-77-1786,"00030 Elizabeth Island
South Matthewchester, CA 82601",Y,miles
43,Mitchell Bailey,509-04-9780,"133 Wright Cove Suite 679
Dustinhaven, KS 41722",Y,hours
44,Elizabeth Lewis,690-12-5902,"4016 Amber Union Apt. 384
Thompsonstad, DC 17972",N,hours
45,Margaret Gentry,247-59-0528,"8242 Alexandra Oval Suite 517
Frankfurt, LA 98844",Y,hours
46,Alexandra Kelly,760-20-7567,"343 Natalie Avenue
Rodriguezbury, PR 71329",Y,miles
47,Lisa Lopez,210-84-4397,"1520 Jessica Points
Lambhaven, ID 11329",Y,hours
48,Tyler Jones,238-89-2719,"USCGC Koch
FPO AE 67441",N,miles
49,Justin Valentine,670-85-3097,"8200 Andrew Point
Lake Kevinberg, MD 21271",N,miles
50,Kevin Goodman,123-91-4536,"8726 Tyler Place
Lake Terriberg, AK 65915",N,miles
51,Brooke Pope,658-05-5520,"302 Jacob Square Suite 522
Tinaville, IA 96197",Y,hours
52,Kimberly Owens,696-09-5151,"1162 Brian Plaza Suite 865
South Codyhaven, LA 93864",Y,miles
53,Leonard Blake,126-58-2205,"230 Lisa Ranch
Parkerburgh, NE 54006",N,hours
54,Kelsey Davidson,164-70-0549,"287 Owens Vista
Jacobchester, OH 87502",N,hours
55,Cassandra Guerrero,607-99-7598,"4890 Edward Mount
Frankbury, NE 31824",Y,hours
56,Samuel Wilson,375-58-9635,"8718 Jerry Overpass Suite 537
Port Laurie, RI 17558",Y,miles
57,Julie Poole,385-86-3187,"782 Tyler Point Apt. 551
Johnsonview, MO 65235",Y,hours
58,Cassandra Waters,090-19-6373,"622 Potts Loaf Apt. 770
Perezside, CA 90527",Y,miles
59,Benjamin Burton,217-14-9928,"54221 Robert Village Apt. 852
Lake Courtneyfurt, NJ 48820",N,hours
60,April Cunningham,136-54-4892,"89899 Elliott Pass Apt. 383
Lake Tanyaborough, LA 92221",N,miles
61,Todd Burton,769-24-2495,"34870 Lisa Mount
New Anne, MN 59991",Y,miles
62,Tammy Henderson,338-87-2551,"0358 Erickson Brook Apt. 539
Davisshire, FL 07516",Y,hours
63,Christopher Gibson,069-88-2264,"6688 Johnson Inlet
Allenfurt, VI 12374",N,miles
64,Charles Villegas,825-85-5576,"782 Lisa Island
East Michaelstad, MH 18307",N,miles
65,Randy Wilson,889-57-0100,"72487 Chung Garden
Nuneztown, MD 79993",N,miles
66,Haley Jones,084-30-1145,"45188 Mays Rapid
West Alexanderstad, VA 39529",N,miles
67,Robert Garcia,362-48-3959,"70263 Arnold Haven Suite 605
North Katherineshire, MN 94921",N,hours
68,Ronald Barr,514-94-8091,"50512 Ortiz Throughway
Port Manuel, ID 73439",Y,miles
69,Sara Christensen DVM,416-04-2008,"630 Robinson Mountains
Krausefurt, CO 06367",N,hours
70,Brittany Moses,511-64-4499,"356 Jared Wells Suite 786
Dennisborough, IL 67059",N,hours
71,Lee Dixon,840-70-8552,"7926 John Summit Suite 297
New Alexander, TN 13592",Y,hours
72,Rebecca Gonzalez,846-96-1346,"4816 Robert Land Apt. 983
Lake Alex, IA 09867",N,miles
73,Michelle Brown,424-55-8864,"76898 Mason Mountain
Clarkton, TX 70577",N,hours
74,Deanna Garcia,614-55-1130,"637 Adams Plaza
Matthewland, ND 99815",Y,hours
75,Monica Robinson,364-56-1696,"475 Jimenez Lane Suite 402
Lindaside, IA 19448",N,miles
76,Michael Anderson,880-98-2844,"14311 Washington Via
Tonyaberg, MA 14017",Y,miles
77,John Gordon,750-38-3758,"4895 Burke Mission
East Brettchester, MT 37669",N,hours
78,Ashley Thompson,510-48-5093,"8448 Janet Fields Apt. 479
Lake Cynthia, IL 82917",N,miles
79,Mrs. Katherine Williams,501-30-4587,"1010 Grant Court Apt. 144
Johnville, VT 31735",Y,hours
80,Christopher Herring,304-15-7872,"660 Dillon Lake
Myerstown, AS 45812",N,hours
81,Benjamin Alvarez,315-28-8957,"2362 Jason Center
Lake Victormouth, ME 59084",Y,miles
82,Troy Peterson,508-28-5557,"324 Mckenzie Ville
Riddletown, MD 52439",N,miles
83,Dr. Terrence Chapman DDS,369-74-1494,"104 Tonya Inlet
Summerfurt, MP 22269",N,hours
84,Maurice Hansen,058-28-6958,"333 Bobby Centers Apt. 886
Maryburgh, SC 63419",Y,miles
85,Keith Krueger,814-17-4202,"920 Harding Estate
South David, GA 02491",Y,hours
86,Ashley Sanchez,151-56-6096,"753 Roberts Parkway Suite 851
Leslieside, KS 70047",Y,hours
87,Virginia Nguyen,507-50-5088,"Unit 0585 Box 6623
DPO AA 30438",N,miles
88,Ricky Guerra,249-85-4465,"40096 Matthew Way
New Angelaport, LA 33234",Y,hours
89,David Taylor,180-62-6804,"USS Ellis
FPO AP 90379",Y,hours
90,Brandon Black,615-70-0788,"87881 Pratt Islands
Russellview, NJ 99142",Y,hours
91,Donna Kelley,615-23-6621,"8205 John Ville
New Stephenville, MN 44473",N,hours
92,Luke Nelson,863-08-1887,"060 Hunter Trail
Dennismouth, CA 14288",N,hours
93,Alexander Cannon,121-10-6340,"69407 Heather Plaza
West Sandrafurt, MT 22850",Y,hours
94,Richard Morton,523-73-4288,"761 Matthews Estate Apt. 521
West Samuelchester, VA 44240",N,hours
95,Stephanie Nguyen,848-45-7512,"PSC 0531, Box 5538
APO AA 30438",N,hours
96,John Vega,500-17-6780,"69332 Roy Mall
New Justinfort, TN 56584",N,hours
97,Katelyn Smith,036-03-1737,"054 Miller Springs
East Sonya, VT 24853",Y,miles
98,Amanda Bowers,564-26-2289,"20672 Tracy Route
Vaughnmouth, WY 89221",N,hours
99,Stephanie Peterson,563-93-0083,"728 Travis Glens Apt. 208
South Jacqueline, VI 40358",Y,miles
100,Brittany Mccarty,559-46-6367,"01804 Tracy Plaza Apt. 585
Janetmouth, TX 08795",Y,miles
101,Jeffrey Mason,581-72-8197,"8361 Gregory Street Apt. 969
Moodyborough, AZ 79066",Y,hours
102,Kylie Sanders,863-61-5526,"22820 Helen Fields
Johnsonview, ID 47440",Y,hours
103,Michelle Conner,560-64-0546,"6662 Frederick Orchard
Martinezmouth, LA 99345",Y,hours
104,Jeffrey Aguirre,711-48-6464,"413 Michelle Lock
Lake Steven, MP 98921",N,miles
105,Frank Wolfe,798-06-3216,"9660 Schroeder Squares Suite 700
Kennedyfurt, PW 96310",N,miles
106,Patrick Meyer,436-94-8338,"258 Jonathan Field Suite 374
Port Jessica, MO 77704",N,hours
107,Audrey Davis,531-39-1378,"Unit 2869 Box 3350
DPO AA 35729",N,miles
108,Laura Butler,491-03-1710,"687 Shepard Path
Williamstown, PA 04086",Y,miles
109,Christine Holden,607-79-3905,"434 Chavez Port Suite 523
East Rachelfurt, TX 53822",N,miles
